{"assets/ca/lets-encrypt-r3.pem":["assets/ca/lets-encrypt-r3.pem"],"assets/fonts/montserrat/Montserrat-Bold.ttf":["assets/fonts/montserrat/Montserrat-Bold.ttf"],"assets/fonts/montserrat/Montserrat-Medium.ttf":["assets/fonts/montserrat/Montserrat-Medium.ttf"],"assets/fonts/montserrat/Montserrat-Regular.ttf":["assets/fonts/montserrat/Montserrat-Regular.ttf"],"assets/fonts/montserrat/Montserrat-SemiBold.ttf":["assets/fonts/montserrat/Montserrat-SemiBold.ttf"],"assets/icons/ic_add.svg":["assets/icons/ic_add.svg"],"assets/icons/ic_addcircle_negative.svg":["assets/icons/ic_addcircle_negative.svg"],"assets/icons/ic_addengginer.svg":["assets/icons/ic_addengginer.svg"],"assets/icons/ic_addsurvey.svg":["assets/icons/ic_addsurvey.svg"],"assets/icons/ic_alert_delete.svg":["assets/icons/ic_alert_delete.svg"],"assets/icons/ic_alert_failed.svg":["assets/icons/ic_alert_failed.svg"],"assets/icons/ic_alert_succeed.svg":["assets/icons/ic_alert_succeed.svg"],"assets/icons/ic_approve_job.svg":["assets/icons/ic_approve_job.svg"],"assets/icons/ic_approved_roles.svg":["assets/icons/ic_approved_roles.svg"],"assets/icons/ic_arrowback.svg":["assets/icons/ic_arrowback.svg"],"assets/icons/ic_arrownext.svg":["assets/icons/ic_arrownext.svg"],"assets/icons/ic_az.svg":["assets/icons/ic_az.svg"],"assets/icons/ic_battery.svg":["assets/icons/ic_battery.svg"],"assets/icons/ic_bid.svg":["assets/icons/ic_bid.svg"],"assets/icons/ic_bidapprovedzero.svg":["assets/icons/ic_bidapprovedzero.svg"],"assets/icons/ic_bidcrmzero.svg":["assets/icons/ic_bidcrmzero.svg"],"assets/icons/ic_biddisable.svg":["assets/icons/ic_biddisable.svg"],"assets/icons/ic_bidrejectedzero.svg":["assets/icons/ic_bidrejectedzero.svg"],"assets/icons/ic_bidrevisedzero.svg":["assets/icons/ic_bidrevisedzero.svg"],"assets/icons/ic_bidzero.svg":["assets/icons/ic_bidzero.svg"],"assets/icons/ic_biling.svg":["assets/icons/ic_biling.svg"],"assets/icons/ic_bill.svg":["assets/icons/ic_bill.svg"],"assets/icons/ic_box_person.svg":["assets/icons/ic_box_person.svg"],"assets/icons/ic_calenderdone.svg":["assets/icons/ic_calenderdone.svg"],"assets/icons/ic_cart_empty.svg":["assets/icons/ic_cart_empty.svg"],"assets/icons/ic_charging.svg":["assets/icons/ic_charging.svg"],"assets/icons/ic_chat.svg":["assets/icons/ic_chat.svg"],"assets/icons/ic_chataddperson.svg":["assets/icons/ic_chataddperson.svg"],"assets/icons/ic_chatbid.svg":["assets/icons/ic_chatbid.svg"],"assets/icons/ic_chatdisable.svg":["assets/icons/ic_chatdisable.svg"],"assets/icons/ic_chatlead.svg":["assets/icons/ic_chatlead.svg"],"assets/icons/ic_chatproject.svg":["assets/icons/ic_chatproject.svg"],"assets/icons/ic_check_false.svg":["assets/icons/ic_check_false.svg"],"assets/icons/ic_check_true.svg":["assets/icons/ic_check_true.svg"],"assets/icons/ic_commision_survey.svg":["assets/icons/ic_commision_survey.svg"],"assets/icons/ic_contact.svg":["assets/icons/ic_contact.svg"],"assets/icons/ic_contactdisable.svg":["assets/icons/ic_contactdisable.svg"],"assets/icons/ic_contract_zero.svg":["assets/icons/ic_contract_zero.svg"],"assets/icons/ic_crm.svg":["assets/icons/ic_crm.svg"],"assets/icons/ic_crmdisable.svg":["assets/icons/ic_crmdisable.svg"],"assets/icons/ic_cycling.svg":["assets/icons/ic_cycling.svg"],"assets/icons/ic_date.svg":["assets/icons/ic_date.svg"],"assets/icons/ic_delete.svg":["assets/icons/ic_delete.svg"],"assets/icons/ic_delete_red.svg":["assets/icons/ic_delete_red.svg"],"assets/icons/ic_deleteaccount.svg":["assets/icons/ic_deleteaccount.svg"],"assets/icons/ic_deletegridconnection.svg":["assets/icons/ic_deletegridconnection.svg"],"assets/icons/ic_deleteitem.svg":["assets/icons/ic_deleteitem.svg"],"assets/icons/ic_discharge.svg":["assets/icons/ic_discharge.svg"],"assets/icons/ic_dropdown.svg":["assets/icons/ic_dropdown.svg"],"assets/icons/ic_edit.svg":["assets/icons/ic_edit.svg"],"assets/icons/ic_energy.svg":["assets/icons/ic_energy.svg"],"assets/icons/ic_energy_daily.svg":["assets/icons/ic_energy_daily.svg"],"assets/icons/ic_energy_source.svg":["assets/icons/ic_energy_source.svg"],"assets/icons/ic_engineer.svg":["assets/icons/ic_engineer.svg"],"assets/icons/ic_engineer_disable.svg":["assets/icons/ic_engineer_disable.svg"],"assets/icons/ic_evmap.svg":["assets/icons/ic_evmap.svg"],"assets/icons/ic_evmapdisable.svg":["assets/icons/ic_evmapdisable.svg"],"assets/icons/ic_false.svg":["assets/icons/ic_false.svg"],"assets/icons/ic_file.svg":["assets/icons/ic_file.svg"],"assets/icons/ic_finance.svg":["assets/icons/ic_finance.svg"],"assets/icons/ic_finance_disable.svg":["assets/icons/ic_finance_disable.svg"],"assets/icons/ic_forgetpassword.svg":["assets/icons/ic_forgetpassword.svg"],"assets/icons/ic_forgetpassword_mail.svg":["assets/icons/ic_forgetpassword_mail.svg"],"assets/icons/ic_fullscreen.svg":["assets/icons/ic_fullscreen.svg"],"assets/icons/ic_gridconnection.svg":["assets/icons/ic_gridconnection.svg"],"assets/icons/ic_groupsnetwork.svg":["assets/icons/ic_groupsnetwork.svg"],"assets/icons/ic_halfscreen.svg":["assets/icons/ic_halfscreen.svg"],"assets/icons/ic_home.svg":["assets/icons/ic_home.svg"],"assets/icons/ic_icon_bid.svg":["assets/icons/ic_icon_bid.svg"],"assets/icons/ic_icon_lead.svg":["assets/icons/ic_icon_lead.svg"],"assets/icons/ic_icon_project.svg":["assets/icons/ic_icon_project.svg"],"assets/icons/ic_imagempty.svg":["assets/icons/ic_imagempty.svg"],"assets/icons/ic_info.svg":["assets/icons/ic_info.svg"],"assets/icons/ic_installationsystem.svg":["assets/icons/ic_installationsystem.svg"],"assets/icons/ic_installationzero.svg":["assets/icons/ic_installationzero.svg"],"assets/icons/ic_inverter.svg":["assets/icons/ic_inverter.svg"],"assets/icons/ic_invoice_zero.svg":["assets/icons/ic_invoice_zero.svg"],"assets/icons/ic_leadzero.svg":["assets/icons/ic_leadzero.svg"],"assets/icons/ic_list.svg":["assets/icons/ic_list.svg"],"assets/icons/ic_logosundaya.svg":["assets/icons/ic_logosundaya.svg"],"assets/icons/ic_logout.svg":["assets/icons/ic_logout.svg"],"assets/icons/ic_longgerSurvey.svg":["assets/icons/ic_longgerSurvey.svg"],"assets/icons/ic_me.svg":["assets/icons/ic_me.svg"],"assets/icons/ic_mobileapp.svg":["assets/icons/ic_mobileapp.svg"],"assets/icons/ic_mobileappdisable.svg":["assets/icons/ic_mobileappdisable.svg"],"assets/icons/ic_movechat.svg":["assets/icons/ic_movechat.svg"],"assets/icons/ic_myJobs_menu.svg":["assets/icons/ic_myJobs_menu.svg"],"assets/icons/ic_myJobs_menudisable.svg":["assets/icons/ic_myJobs_menudisable.svg"],"assets/icons/ic_myjob.svg":["assets/icons/ic_myjob.svg"],"assets/icons/ic_myjobs_approved.svg":["assets/icons/ic_myjobs_approved.svg"],"assets/icons/ic_myjobs_infosurvey.svg":["assets/icons/ic_myjobs_infosurvey.svg"],"assets/icons/ic_myjobs_rejected.svg":["assets/icons/ic_myjobs_rejected.svg"],"assets/icons/ic_mylocation.svg":["assets/icons/ic_mylocation.svg"],"assets/icons/ic_needle.svg":["assets/icons/ic_needle.svg"],"assets/icons/ic_needle_name.svg":["assets/icons/ic_needle_name.svg"],"assets/icons/ic_no_assignedsurvey.svg":["assets/icons/ic_no_assignedsurvey.svg"],"assets/icons/ic_no_contact.svg":["assets/icons/ic_no_contact.svg"],"assets/icons/ic_no_contactaddress.svg":["assets/icons/ic_no_contactaddress.svg"],"assets/icons/ic_no_contactlink.svg":["assets/icons/ic_no_contactlink.svg"],"assets/icons/ic_no_data_calculation.svg":["assets/icons/ic_no_data_calculation.svg"],"assets/icons/ic_no_gridconnection.svg":["assets/icons/ic_no_gridconnection.svg"],"assets/icons/ic_no_imagesurvey.svg":["assets/icons/ic_no_imagesurvey.svg"],"assets/icons/ic_no_skill.svg":["assets/icons/ic_no_skill.svg"],"assets/icons/ic_no_systemdata.svg":["assets/icons/ic_no_systemdata.svg"],"assets/icons/ic_no_upgraderequest.svg":["assets/icons/ic_no_upgraderequest.svg"],"assets/icons/ic_noc.svg":["assets/icons/ic_noc.svg"],"assets/icons/ic_noc_disable.svg":["assets/icons/ic_noc_disable.svg"],"assets/icons/ic_nodata.svg":["assets/icons/ic_nodata.svg"],"assets/icons/ic_notCRM.svg":["assets/icons/ic_notCRM.svg"],"assets/icons/ic_not_building.svg":["assets/icons/ic_not_building.svg"],"assets/icons/ic_notification_badge.svg":["assets/icons/ic_notification_badge.svg"],"assets/icons/ic_notinstallation.svg":["assets/icons/ic_notinstallation.svg"],"assets/icons/ic_pdf_result.svg":["assets/icons/ic_pdf_result.svg"],"assets/icons/ic_pencil.svg":["assets/icons/ic_pencil.svg"],"assets/icons/ic_person.svg":["assets/icons/ic_person.svg"],"assets/icons/ic_person_add.svg":["assets/icons/ic_person_add.svg"],"assets/icons/ic_person_empty.svg":["assets/icons/ic_person_empty.svg"],"assets/icons/ic_personnetwork.svg":["assets/icons/ic_personnetwork.svg"],"assets/icons/ic_picture.svg":["assets/icons/ic_picture.svg"],"assets/icons/ic_pin_bid.svg":["assets/icons/ic_pin_bid.svg"],"assets/icons/ic_pin_lead.svg":["assets/icons/ic_pin_lead.svg"],"assets/icons/ic_pin_location.svg":["assets/icons/ic_pin_location.svg"],"assets/icons/ic_pin_location_site.svg":["assets/icons/ic_pin_location_site.svg"],"assets/icons/ic_pin_point.svg":["assets/icons/ic_pin_point.svg"],"assets/icons/ic_pin_project.svg":["assets/icons/ic_pin_project.svg"],"assets/icons/ic_print.svg":["assets/icons/ic_print.svg"],"assets/icons/ic_print_pdf.svg":["assets/icons/ic_print_pdf.svg"],"assets/icons/ic_product.svg":["assets/icons/ic_product.svg"],"assets/icons/ic_product_empty.svg":["assets/icons/ic_product_empty.svg"],"assets/icons/ic_productdisable.svg":["assets/icons/ic_productdisable.svg"],"assets/icons/ic_project.svg":["assets/icons/ic_project.svg"],"assets/icons/ic_projectcrmzero.svg":["assets/icons/ic_projectcrmzero.svg"],"assets/icons/ic_projectdisable.svg":["assets/icons/ic_projectdisable.svg"],"assets/icons/ic_projectzero.svg":["assets/icons/ic_projectzero.svg"],"assets/icons/ic_proposal_report.svg":["assets/icons/ic_proposal_report.svg"],"assets/icons/ic_pv_harvest.svg":["assets/icons/ic_pv_harvest.svg"],"assets/icons/ic_pv_panel.svg":["assets/icons/ic_pv_panel.svg"],"assets/icons/ic_quotation.svg":["assets/icons/ic_quotation.svg"],"assets/icons/ic_quotation_empty.svg":["assets/icons/ic_quotation_empty.svg"],"assets/icons/ic_radiooff.svg":["assets/icons/ic_radiooff.svg"],"assets/icons/ic_radioon.svg":["assets/icons/ic_radioon.svg"],"assets/icons/ic_read_chat.svg":["assets/icons/ic_read_chat.svg"],"assets/icons/ic_receipt.svg":["assets/icons/ic_receipt.svg"],"assets/icons/ic_refresh.svg":["assets/icons/ic_refresh.svg"],"assets/icons/ic_rejected_job.svg":["assets/icons/ic_rejected_job.svg"],"assets/icons/ic_rejected_roles.svg":["assets/icons/ic_rejected_roles.svg"],"assets/icons/ic_reload.svg":["assets/icons/ic_reload.svg"],"assets/icons/ic_reviseCRM.svg":["assets/icons/ic_reviseCRM.svg"],"assets/icons/ic_rute.svg":["assets/icons/ic_rute.svg"],"assets/icons/ic_sent.svg":["assets/icons/ic_sent.svg"],"assets/icons/ic_setting_admin.svg":["assets/icons/ic_setting_admin.svg"],"assets/icons/ic_setting_admindisable.svg":["assets/icons/ic_setting_admindisable.svg"],"assets/icons/ic_settings.svg":["assets/icons/ic_settings.svg"],"assets/icons/ic_shopping_cart.svg":["assets/icons/ic_shopping_cart.svg"],"assets/icons/ic_site_backarrow.svg":["assets/icons/ic_site_backarrow.svg"],"assets/icons/ic_site_nextarrow.svg":["assets/icons/ic_site_nextarrow.svg"],"assets/icons/ic_sitelocation.svg":["assets/icons/ic_sitelocation.svg"],"assets/icons/ic_sitelocationdisable.svg":["assets/icons/ic_sitelocationdisable.svg"],"assets/icons/ic_skill.svg":["assets/icons/ic_skill.svg"],"assets/icons/ic_sort.svg":["assets/icons/ic_sort.svg"],"assets/icons/ic_standby.svg":["assets/icons/ic_standby.svg"],"assets/icons/ic_sundaya.svg":["assets/icons/ic_sundaya.svg"],"assets/icons/ic_survey_report.svg":["assets/icons/ic_survey_report.svg"],"assets/icons/ic_surveyby.svg":["assets/icons/ic_surveyby.svg"],"assets/icons/ic_surveyzero.svg":["assets/icons/ic_surveyzero.svg"],"assets/icons/ic_sysdat.svg":["assets/icons/ic_sysdat.svg"],"assets/icons/ic_systemconfigurator.svg":["assets/icons/ic_systemconfigurator.svg"],"assets/icons/ic_systemconfiguratordisable.svg":["assets/icons/ic_systemconfiguratordisable.svg"],"assets/icons/ic_systemdata.svg":["assets/icons/ic_systemdata.svg"],"assets/icons/ic_systemdatadisable.svg":["assets/icons/ic_systemdatadisable.svg"],"assets/icons/ic_true.svg":["assets/icons/ic_true.svg"],"assets/icons/ic_underconstruction.svg":["assets/icons/ic_underconstruction.svg"],"assets/icons/ic_update.svg":["assets/icons/ic_update.svg"],"assets/icons/ic_upload_image.svg":["assets/icons/ic_upload_image.svg"],"assets/icons/ic_upload_pdf.svg":["assets/icons/ic_upload_pdf.svg"],"assets/icons/ic_user.svg":["assets/icons/ic_user.svg"],"assets/icons/ic_userdisable.svg":["assets/icons/ic_userdisable.svg"],"assets/icons/ic_waiting_job.svg":["assets/icons/ic_waiting_job.svg"],"assets/icons/ic_waiting_monitoring.svg":["assets/icons/ic_waiting_monitoring.svg"],"assets/icons/ic_waiting_product.svg":["assets/icons/ic_waiting_product.svg"],"assets/icons/ic_waiting_task.svg":["assets/icons/ic_waiting_task.svg"],"assets/icons/ic_warning_save.svg":["assets/icons/ic_warning_save.svg"],"assets/icons/ic_wattingsurveyor.svg":["assets/icons/ic_wattingsurveyor.svg"],"assets/icons/icbattery.svg":["assets/icons/icbattery.svg"],"assets/icons/icbatteryfull.svg":["assets/icons/icbatteryfull.svg"],"assets/icons/icbatterylow.svg":["assets/icons/icbatterylow.svg"],"assets/icons/icbatterymid.svg":["assets/icons/icbatterymid.svg"],"assets/json/talis_mock.json":["assets/json/talis_mock.json"],"assets/lottie/arrowdown.json":["assets/lottie/arrowdown.json"],"packages/cupertino_icons/assets/CupertinoIcons.ttf":["packages/cupertino_icons/assets/CupertinoIcons.ttf"],"packages/flutter_map/lib/assets/flutter_map_logo.png":["packages/flutter_map/lib/assets/flutter_map_logo.png"],"packages/getwidget/icons/dribble.png":["packages/getwidget/icons/dribble.png"],"packages/getwidget/icons/facebook.png":["packages/getwidget/icons/facebook.png"],"packages/getwidget/icons/google.png":["packages/getwidget/icons/google.png"],"packages/getwidget/icons/line.png":["packages/getwidget/icons/line.png"],"packages/getwidget/icons/linkedin.png":["packages/getwidget/icons/linkedin.png"],"packages/getwidget/icons/pinterest.png":["packages/getwidget/icons/pinterest.png"],"packages/getwidget/icons/slack.png":["packages/getwidget/icons/slack.png"],"packages/getwidget/icons/twitter.png":["packages/getwidget/icons/twitter.png"],"packages/getwidget/icons/wechat.png":["packages/getwidget/icons/wechat.png"],"packages/getwidget/icons/whatsapp.png":["packages/getwidget/icons/whatsapp.png"],"packages/getwidget/icons/youtube.png":["packages/getwidget/icons/youtube.png"],"packages/iconsax/lib/assets/fonts/iconsax.ttf":["packages/iconsax/lib/assets/fonts/iconsax.ttf"],"packages/media_kit/assets/web/hls1.4.10.js":["packages/media_kit/assets/web/hls1.4.10.js"],"packages/wakelock_plus/assets/no_sleep.js":["packages/wakelock_plus/assets/no_sleep.js"]}