{
  "rack": [
    {
      "id": 1,
      "content": 40.2,
      "health": 38.5,
      "cycling": 1,
      "color_content": "yellow",
      "color_health": "red"
    },
    {
      "id": 2,
      "content": 78.2,
      "health": 98.5,
      "cycling": 0,
      "color_content": "yellow",
      "color_health": "green"
    },
    {
      "id": 3,
      "content": 62.2,
      "health": 58.5,
      "cycling": 2,
      "color_content": "yellow",
      "color_health": "red"
    },
    {
      "id": 4,
      "content": 80.9,
      "health": 25.1,
      "cycling": 0,
      "color_content": "green",
      "color_health": "red"
    },
    {
      "id": 5,
      "content": 17.8,
      "health": 99.1,
      "cycling": 0,
      "color_content": "red",
      "color_health": "green"
    }
  ],
  "Dashboard": [
    {
      "id": 1,
      "inverter": {
        "status": "Normal",
        "color": "green",
        "available": 1
      },
      "battery": [
        {
          "frame_name": "r11",
          "content": 24.0,
          "health": 56.3,
          "color_content": "yellow",
          "color_health": "red"
        },
        {
          "frame_name": "r12",
          "content": 25.0,
          "health": 87.1,
          "color_content": "green",
          "color_health": "yellow"
        },
        {
          "frame_name": "r13",
          "content": 26.0,
          "health": 24.2,
          "color_content": "yellow",
          "color_health": "red"
        },
        {
          "frame_name": "r14",
          "content": 49.0,
          "health": 78.5,
          "color_content": "green",
          "color_health": "yellow"
        },
        {
          "frame_name": "r15",
          "content": 50.0,
          "health": 47.5,
          "color_content": "green",
          "color_health": "red"
        },
        {
          "frame_name": "r16",
          "content": 51.0,
          "health": 90.1,
          "color_content": "red",
          "color_health": "green"
        },
        {
          "frame_name": "r17",
          "content": 74.0,
          "health": 58.8,
          "color_content": "yellow",
          "color_health": "red"
        },
        {
          "frame_name": "r18",
          "content": 75.0,
          "health": 78.1,
          "color_content": "green",
          "color_health": "yellow"
        },
        {
          "frame_name": "r19",
          "content": 76.0,
          "health": 78.1,
          "color_content": "green",
          "color_health": "yellow"
        }
      ]
    },
    {
      "id": 2,
      "inverter": {
        "status": "Normal",
        "color": "green",
        "available": 0
      },
      "battery": [
        {
          "frame_name": "r21",
          "content": 78.5,
          "health": 56.3,
          "color_content": "yellow",
          "color_health": "red"
        },
        {
          "frame_name": "r22",
          "content": 90.5,
          "health": 87.1,
          "color_content": "green",
          "color_health": "yellow"
        },
        {
          "frame_name": "r23",
          "content": 86.5,
          "health": 24.2,
          "color_content": "yellow",
          "color_health": "red"
        },
        {
          "frame_name": "r24",
          "content": 91.1,
          "health": 78.5,
          "color_content": "green",
          "color_health": "yellow"
        },
        {
          "frame_name": "r25",
          "content": 90.5,
          "health": 47.5,
          "color_content": "green",
          "color_health": "red"
        },
        {
          "frame_name": "r26",
          "content": 65.7,
          "health": 90.1,
          "color_content": "red",
          "color_health": "green"
        },
        {
          "frame_name": "r27",
          "content": 67.9,
          "health": 58.8,
          "color_content": "yellow",
          "color_health": "red"
        },
        {
          "frame_name": "r28",
          "content": 98.5,
          "health": 78.1,
          "color_content": "green",
          "color_health": "yellow"
        }
      ]
    },
    {
      "id": 3,
      "inverter": {
        "status": "warning",
        "color": "yellow",
        "available": 1
      },
      "battery": [
        {
          "frame_name": "r31",
          "content": 78.5,
          "health": 56.3,
          "color_content": "yellow",
          "color_health": "red"
        },
        {
          "frame_name": "r32",
          "content": 90.5,
          "health": 87.1,
          "color_content": "green",
          "color_health": "yellow"
        },
        {
          "frame_name": "r33",
          "content": 86.5,
          "health": 24.2,
          "color_content": "yellow",
          "color_health": "red"
        },
        {
          "frame_name": "r34",
          "content": 91.1,
          "health": 78.5,
          "color_content": "green",
          "color_health": "yellow"
        },
        {
          "frame_name": "r35",
          "content": 90.5,
          "health": 47.5,
          "color_content": "green",
          "color_health": "red"
        },
        {
          "frame_name": "r36",
          "content": 65.7,
          "health": 90.1,
          "color_content": "red",
          "color_health": "green"
        },
        {
          "frame_name": "r37",
          "content": 67.9,
          "health": 58.8,
          "color_content": "yellow",
          "color_health": "red"
        },
        {
          "frame_name": "r38",
          "content": 98.5,
          "health": 78.1,
          "color_content": "green",
          "color_health": "yellow"
        }
      ]
    },
    {
      "id": 4,
      "inverter": {
        "status": "error",
        "color": "red",
        "available": 1
      },
      "battery": [
        {
          "frame_name": "r41",
          "content": 78.5,
          "health": 56.3,
          "color_content": "yellow",
          "color_health": "red"
        },
        {
          "frame_name": "r42",
          "content": 90.5,
          "health": 87.1,
          "color_content": "green",
          "color_health": "yellow"
        },
        {
          "frame_name": "r43",
          "content": 86.5,
          "health": 24.2,
          "color_content": "yellow",
          "color_health": "red"
        },
        {
          "frame_name": "r44",
          "content": 91.1,
          "health": 78.5,
          "color_content": "green",
          "color_health": "yellow"
        },
        {
          "frame_name": "r45",
          "content": 90.5,
          "health": 47.5,
          "color_content": "green",
          "color_health": "red"
        },
        {
          "frame_name": "r46",
          "content": 65.7,
          "health": 90.1,
          "color_content": "red",
          "color_health": "green"
        },
        {
          "frame_name": "r47",
          "content": 67.9,
          "health": 58.8,
          "color_content": "yellow",
          "color_health": "red"
        },
        {
          "frame_name": "r48",
          "content": 98.5,
          "health": 78.1,
          "color_content": "green",
          "color_health": "yellow"
        }
      ]
    },
    {
      "id": 5,
      "inverter": {
        "status": "Normal",
        "color": "green",
        "available": 0
      },
      "battery": [
        {
          "frame_name": "r51",
          "content": 78.5,
          "health": 56.3,
          "color_content": "yellow",
          "color_health": "red"
        },
        {
          "frame_name": "r52",
          "content": 90.5,
          "health": 87.1,
          "color_content": "green",
          "color_health": "yellow"
        },
        {
          "frame_name": "r53",
          "content": 86.5,
          "health": 24.2,
          "color_content": "yellow",
          "color_health": "red"
        },
        {
          "frame_name": "r54",
          "content": 91.1,
          "health": 78.5,
          "color_content": "green",
          "color_health": "yellow"
        },
        {
          "frame_name": "r55",
          "content": 90.5,
          "health": 47.5,
          "color_content": "green",
          "color_health": "red"
        },
        {
          "frame_name": "r56",
          "content": 65.7,
          "health": 90.1,
          "color_content": "red",
          "color_health": "green"
        },
        {
          "frame_name": "r57",
          "content": 67.9,
          "health": 58.8,
          "color_content": "yellow",
          "color_health": "red"
        },
        {
          "frame_name": "r58",
          "content": 98.5,
          "health": 78.1,
          "color_content": "green",
          "color_health": "yellow"
        }
      ]
    }
  ],
  "inverter": [
    {
      "rack": 1,
      "inverter": [
        {
          "id_device": 11,
          "status": "error",
          "color": "red"
        },
        {
          "id_device": 12,
          "status": "warning",
          "color": "yellow"
        }
      ]
    },
    {
      "id": 2,
      "inverter": [
        {
          "id_device": 21,
          "status": "normal",
          "color": "green"
        },
        {
          "id_device": 22,
          "status": "warning",
          "color": "yellow"
        }
      ]
    },
    {
      "id": 3,
      "inverter": [
        {
          "id_device": 31,
          "status": "error",
          "color": "red"
        },
        {
          "id_device": 32,
          "status": "normal",
          "color": "green"
        }
      ]
    },
    {
      "id": 4,
      "inverter": [
        {
          "id_device": 41,
          "status": "warning",
          "color": "yellow"
        },
        {
          "id_device": 42,
          "status": "warning",
          "color": "yellow"
        }
      ]
    },
    {
      "id": 5,
      "inverter": [
        {
          "id_device": 51,
          "status": "error",
          "color": "red"
        },
        {
          "id_device": 52,
          "status": "error",
          "color": "red"
        }
      ]
    }
  ],
  "inverter_details": [
    {
      "id": 11,
      "inverter": [
        {
          "id_device": 11,
          "mode": "Discharge",
          "energy": 45.9,
          "status": "Error",
          "color": "red",
          "error": 1
        }
      ]
    },
    {
      "id": 12,
      "inverter": [
        {
          "id_device": 12,
          "mode": "Charge",
          "energy": 38.8,
          "status": "normal",
          "color": "green",
          "error": 0
        }
      ]
    },
    {
      "id": 21,
      "inverter": [
        {
          "id_device": 21,
          "mode": "Discharge",
          "energy": 67.9,
          "status": "normal",
          "color": "green",
          "error": 0
        }
      ]
    },
    {
      "id": 22,
      "inverter": [
        {
          "id_device": 22,
          "mode": "Discharge",
          "energy": 56.8,
          "status": "warning",
          "color": "yellow",
          "error": 0
        }
      ]
    },
    {
      "id": 31,
      "inverter": [
        {
          "id_device": 31,
          "mode": "Discharge",
          "energy": 26.3,
          "status": "Error",
          "color": "red",
          "error": 2
        }
      ]
    },
    {
      "id": 32,
      "inverter": [
        {
          "id_device": 32,
          "mode": "Charge",
          "energy": 67.2,
          "status": "normal",
          "color": "green",
          "error": 0
        }
      ]
    },
    {
      "id": 41,
      "inverter": [
        {
          "id_device": 41,
          "mode": "Discharge",
          "energy": 39.8,
          "status": "warning",
          "color": "yellow",
          "error": 0
        }
      ]
    },
    {
      "id": 42,
      "inverter": [
        {
          "id_device": 42,
          "mode": "Charge",
          "energy": 41.2,
          "status": "warning",
          "color": "yellow",
          "error": 0
        }
      ]
    },
    {
      "id": 51,
      "inverter": [
        {
          "id_device": 51,
          "mode": "Discharge",
          "energy": 21.1,
          "status": "Error",
          "color": "red",
          "error": 4
        }
      ]
    },
    {
      "id": 52,
      "inverter": [
        {
          "id_device": 52,
          "mode": "Charge",
          "energy": 21.1,
          "status": "error",
          "color": "red",
          "error": 2
        }
      ]
    }
  ],
  "frame": [
    {
      "frame_name": "611800007",
      "lastUpdate": "36 minutes",
      "lastTime": "611800009",
      "code": 200,
      "cells": [
        {
          "cell": 1,
          "health": {
            "color": "green",
            "value": "100.0"
          },
          "content": {
            "color": "green",
            "value": "98.6"
          },
          "voltage": {
            "color": "green",
            "value": 3.50
          }
        },
        {
          "cell": 2,
          "health": {
            "color": "green",
            "value": "100.0"
          },
          "content": {
            "color": "green",
            "value": "98.6"
          },
          "voltage": {
            "color": "green",
            "value": 3.50
          }
        },
        {
          "cell": 3,
          "health": {
            "color": "green",
            "value": "100.0"
          },
          "content": {
            "color": "green",
            "value": "98.6"
          },
          "voltage": {
            "color": "green",
            "value": 3.50
          }
        },
        {
          "cell": 4,
          "health": {
            "color": "green",
            "value": "100.0"
          },
          "content": {
            "color": "green",
            "value": "98.6"
          },
          "voltage": {
            "color": "green",
            "value": 3.50
          }
        },
        {
          "cell": 5,
          "health": {
            "color": "green",
            "value": "100.0"
          },
          "content": {
            "color": "green",
            "value": "98.6"
          },
          "voltage": {
            "color": "green",
            "value": 3.50
          }
        },
        {
          "cell": 6,
          "health": {
            "color": "green",
            "value": "100.0"
          },
          "content": {
            "color": "green",
            "value": "98.6"
          },
          "voltage": {
            "color": "green",
            "value": 3.50
          }
        },
        {
          "cell": 7,
          "health": {
            "color": "green",
            "value": "100.0"
          },
          "content": {
            "color": "green",
            "value": "98.6"
          },
          "voltage": {
            "color": "green",
            "value": 3.50
          }
        },
        {
          "cell": 8,
          "health": {
            "color": "green",
            "value": "100.0"
          },
          "content": {
            "color": "green",
            "value": "98.6"
          },
          "voltage": {
            "color": "green",
            "value": 3.50
          }
        },
        {
          "cell": 9,
          "health": {
            "color": "green",
            "value": "100.0"
          },
          "content": {
            "color": "green",
            "value": "98.6"
          },
          "voltage": {
            "color": "green",
            "value": 3.50
          }
        },
        {
          "cell": 10,
          "health": {
            "color": "green",
            "value": "100.0"
          },
          "content": {
            "color": "green",
            "value": "98.6"
          },
          "voltage": {
            "color": "green",
            "value": 3.50
          }
        },
        {
          "cell": 11,
          "health": {
            "color": "green",
            "value": "100.0"
          },
          "content": {
            "color": "green",
            "value": "98.6"
          },
          "voltage": {
            "color": "green",
            "value": 3.50
          }
        },
        {
          "cell": 12,
          "health": {
            "color": "green",
            "value": "100.0"
          },
          "content": {
            "color": "green",
            "value": "98.6"
          },
          "voltage": {
            "color": "green",
            "value": 3.50
          }
        },
        {
          "cell": 13,
          "health": {
            "color": "green",
            "value": "100.0"
          },
          "content": {
            "color": "green",
            "value": "98.6"
          },
          "voltage": {
            "color": "green",
            "value": 3.50
          }
        },
        {
          "cell": 14,
          "health": {
            "color": "green",
            "value": "100.0"
          },
          "content": {
            "color": "green",
            "value": "98.6"
          },
          "voltage": {
            "color": "green",
            "value": 3.50
          }
        },
        {
          "cell": 15,
          "health": {
            "color": "green",
            "value": "100.0"
          },
          "content": {
            "color": "green",
            "value": "98.6"
          },
          "voltage": {
            "color": "green",
            "value": 3.50
          }
        },
        {
          "cell": 16,
          "health": {
            "color": "green",
            "value": "100.0"
          },
          "content": {
            "color": "green",
            "value": "98.6"
          },
          "voltage": {
            "color": "green",
            "value": 3.50
          }
        },
        {
          "cell": 17,
          "health": {
            "color": "green",
            "value": "100.0"
          },
          "content": {
            "color": "green",
            "value": "98.6"
          },
          "voltage": {
            "color": "green",
            "value": 3.50
          }
        },
        {
          "cell": 18,
          "health": {
            "color": "green",
            "value": "100.0"
          },
          "content": {
            "color": "green",
            "value": "98.6"
          },
          "voltage": {
            "color": "green",
            "value": 3.50
          }
        },
        {
          "cell": 19,
          "health": {
            "color": "green",
            "value": "100.0"
          },
          "content": {
            "color": "green",
            "value": "98.6"
          },
          "voltage": {
            "color": "green",
            "value": 3.50
          }
        },
        {
          "cell": 20,
          "health": {
            "color": "green",
            "value": "100.0"
          },
          "content": {
            "color": "green",
            "value": "98.6"
          },
          "voltage": {
            "color": "green",
            "value": 3.50
          }
        },
        {
          "cell": 21,
          "health": {
            "color": "green",
            "value": "100.0"
          },
          "content": {
            "color": "green",
            "value": "98.6"
          },
          "voltage": {
            "color": "green",
            "value": 3.50
          }
        },
        {
          "cell": 22,
          "health": {
            "color": "green",
            "value": "100.0"
          },
          "content": {
            "color": "green",
            "value": "98.6"
          },
          "voltage": {
            "color": "green",
            "value": 3.50
          }
        },
        {
          "cell": 23,
          "health": {
            "color": "green",
            "value": "100.0"
          },
          "content": {
            "color": "green",
            "value": "98.6"
          },
          "voltage": {
            "color": "green",
            "value": 3.50
          }
        },
        {
          "cell": 24,
          "health": {
            "color": "green",
            "value": "100.0"
          },
          "content": {
            "color": "green",
            "value": "98.6"
          },
          "voltage": {
            "color": "green",
            "value": 3.50
          }
        },
        {
          "cell": 25,
          "health": {
            "color": "green",
            "value": "100.0"
          },
          "content": {
            "color": "green",
            "value": "98.6"
          },
          "voltage": {
            "color": "green",
            "value": 3.50
          }
        },
        {
          "cell": 26,
          "health": {
            "color": "green",
            "value": "100.0"
          },
          "content": {
            "color": "green",
            "value": "98.6"
          },
          "voltage": {
            "color": "green",
            "value": 3.50
          }
        },
        {
          "cell": 27,
          "health": {
            "color": "green",
            "value": "100.0"
          },
          "content": {
            "color": "green",
            "value": "98.6"
          },
          "voltage": {
            "color": "green",
            "value": 3.50
          }
        },
        {
          "cell": 28,
          "health": {
            "color": "green",
            "value": "100.0"
          },
          "content": {
            "color": "green",
            "value": "98.6"
          },
          "voltage": {
            "color": "green",
            "value": 3.50
          }
        },
        {
          "cell": 29,
          "health": {
            "color": "green",
            "value": "100.0"
          },
          "content": {
            "color": "green",
            "value": "98.6"
          },
          "voltage": {
            "color": "green",
            "value": 3.50
          }
        },
        {
          "cell": 30,
          "health": {
            "color": "green",
            "value": "100.0"
          },
          "content": {
            "color": "green",
            "value": "98.6"
          },
          "voltage": {
            "color": "green",
            "value": 3.50
          }
        },
        {
          "cell": 31,
          "health": {
            "color": "green",
            "value": "100.0"
          },
          "content": {
            "color": "green",
            "value": "98.6"
          },
          "voltage": {
            "color": "green",
            "value": 3.50
          }
        },
        {
          "cell": 32,
          "health": {
            "color": "green",
            "value": "100.0"
          },
          "content": {
            "color": "green",
            "value": "98.6"
          },
          "voltage": {
            "color": "green",
            "value": 3.50
          }
        }
      ],
      "temperatures": {
        "cells": [
          {
            "temperature": 1,
            "value": 36.7,
            "color": "red"
          },
          {
            "temperature": 2,
            "value": 28.7,
            "color": "green"
          },
          {
            "temperature": 3,
            "value": 36.7,
            "color": "red"
          },
          {
            "temperature": 4,
            "value": 36.7,
            "color": "red"
          },
          {
            "temperature": 5,
            "value": 36.7,
            "color": "red"
          },
          {
            "temperature": 6,
            "value": 30.1,
            "color": "yellow"
          }
        ],
        "pcbs": [
          {
            "temperature": 1,
            "value": 36.7,
            "color": "red"
          },
          {
            "temperature": 2,
            "value": 28.7,
            "color": "green"
          },
          {
            "temperature": 3,
            "value": 36.7,
            "color": "red"
          }
        ]
      }
    },
    {
      "frame_name": "611800008",
      "lastUpdate": "36 minutes",
      "lastTime": "611800009",
      "code": 200,
      "cells": [
        {
          "cell": 1,
          "health": {
            "color": "green",
            "value": "100.0"
          },
          "content": {
            "color": "green",
            "value": "98.6"
          },
          "voltage": {
            "color": "green",
            "value": 3.50
          }
        },
        {
          "cell": 2,
          "health": {
            "color": "green",
            "value": "100.0"
          },
          "content": {
            "color": "green",
            "value": "98.6"
          },
          "voltage": {
            "color": "green",
            "value": 3.50
          }
        },
        {
          "cell": 3,
          "health": {
            "color": "green",
            "value": "100.0"
          },
          "content": {
            "color": "green",
            "value": "98.6"
          },
          "voltage": {
            "color": "green",
            "value": 3.50
          }
        },
        {
          "cell": 4,
          "health": {
            "color": "green",
            "value": "100.0"
          },
          "content": {
            "color": "green",
            "value": "98.6"
          },
          "voltage": {
            "color": "green",
            "value": 3.50
          }
        },
        {
          "cell": 5,
          "health": {
            "color": "green",
            "value": "100.0"
          },
          "content": {
            "color": "green",
            "value": "98.6"
          },
          "voltage": {
            "color": "green",
            "value": 3.50
          }
        },
        {
          "cell": 6,
          "health": {
            "color": "green",
            "value": "100.0"
          },
          "content": {
            "color": "green",
            "value": "98.6"
          },
          "voltage": {
            "color": "green",
            "value": 3.50
          }
        },
        {
          "cell": 7,
          "health": {
            "color": "green",
            "value": "100.0"
          },
          "content": {
            "color": "green",
            "value": "98.6"
          },
          "voltage": {
            "color": "green",
            "value": 3.50
          }
        },
        {
          "cell": 8,
          "health": {
            "color": "green",
            "value": "100.0"
          },
          "content": {
            "color": "green",
            "value": "98.6"
          },
          "voltage": {
            "color": "green",
            "value": 3.50
          }
        },
        {
          "cell": 9,
          "health": {
            "color": "green",
            "value": "100.0"
          },
          "content": {
            "color": "green",
            "value": "98.6"
          },
          "voltage": {
            "color": "green",
            "value": 3.50
          }
        },
        {
          "cell": 10,
          "health": {
            "color": "green",
            "value": "100.0"
          },
          "content": {
            "color": "green",
            "value": "98.6"
          },
          "voltage": {
            "color": "green",
            "value": 3.50
          }
        },
        {
          "cell": 11,
          "health": {
            "color": "green",
            "value": "100.0"
          },
          "content": {
            "color": "green",
            "value": "98.6"
          },
          "voltage": {
            "color": "green",
            "value": 3.50
          }
        },
        {
          "cell": 12,
          "health": {
            "color": "green",
            "value": "100.0"
          },
          "content": {
            "color": "green",
            "value": "98.6"
          },
          "voltage": {
            "color": "green",
            "value": 3.50
          }
        },
        {
          "cell": 13,
          "health": {
            "color": "green",
            "value": "100.0"
          },
          "content": {
            "color": "green",
            "value": "98.6"
          },
          "voltage": {
            "color": "green",
            "value": 3.50
          }
        },
        {
          "cell": 14,
          "health": {
            "color": "green",
            "value": "100.0"
          },
          "content": {
            "color": "green",
            "value": "98.6"
          },
          "voltage": {
            "color": "green",
            "value": 3.50
          }
        },
        {
          "cell": 15,
          "health": {
            "color": "green",
            "value": "100.0"
          },
          "content": {
            "color": "green",
            "value": "98.6"
          },
          "voltage": {
            "color": "green",
            "value": 3.50
          }
        },
        {
          "cell": 16,
          "health": {
            "color": "green",
            "value": "100.0"
          },
          "content": {
            "color": "green",
            "value": "98.6"
          },
          "voltage": {
            "color": "green",
            "value": 3.50
          }
        },
        {
          "cell": 17,
          "health": {
            "color": "green",
            "value": "100.0"
          },
          "content": {
            "color": "green",
            "value": "98.6"
          },
          "voltage": {
            "color": "green",
            "value": 3.50
          }
        },
        {
          "cell": 18,
          "health": {
            "color": "green",
            "value": "100.0"
          },
          "content": {
            "color": "green",
            "value": "98.6"
          },
          "voltage": {
            "color": "green",
            "value": 3.50
          }
        },
        {
          "cell": 19,
          "health": {
            "color": "green",
            "value": "100.0"
          },
          "content": {
            "color": "green",
            "value": "98.6"
          },
          "voltage": {
            "color": "green",
            "value": 3.50
          }
        },
        {
          "cell": 20,
          "health": {
            "color": "green",
            "value": "100.0"
          },
          "content": {
            "color": "green",
            "value": "98.6"
          },
          "voltage": {
            "color": "green",
            "value": 3.50
          }
        },
        {
          "cell": 21,
          "health": {
            "color": "green",
            "value": "100.0"
          },
          "content": {
            "color": "green",
            "value": "98.6"
          },
          "voltage": {
            "color": "green",
            "value": 3.50
          }
        },
        {
          "cell": 22,
          "health": {
            "color": "green",
            "value": "100.0"
          },
          "content": {
            "color": "green",
            "value": "98.6"
          },
          "voltage": {
            "color": "green",
            "value": 3.50
          }
        },
        {
          "cell": 23,
          "health": {
            "color": "green",
            "value": "100.0"
          },
          "content": {
            "color": "green",
            "value": "98.6"
          },
          "voltage": {
            "color": "green",
            "value": 3.50
          }
        },
        {
          "cell": 24,
          "health": {
            "color": "green",
            "value": "100.0"
          },
          "content": {
            "color": "green",
            "value": "98.6"
          },
          "voltage": {
            "color": "green",
            "value": 3.50
          }
        },
        {
          "cell": 25,
          "health": {
            "color": "green",
            "value": "100.0"
          },
          "content": {
            "color": "green",
            "value": "98.6"
          },
          "voltage": {
            "color": "green",
            "value": 3.50
          }
        },
        {
          "cell": 26,
          "health": {
            "color": "green",
            "value": "100.0"
          },
          "content": {
            "color": "green",
            "value": "98.6"
          },
          "voltage": {
            "color": "green",
            "value": 3.50
          }
        },
        {
          "cell": 27,
          "health": {
            "color": "green",
            "value": "100.0"
          },
          "content": {
            "color": "green",
            "value": "98.6"
          },
          "voltage": {
            "color": "green",
            "value": 3.50
          }
        },
        {
          "cell": 28,
          "health": {
            "color": "green",
            "value": "100.0"
          },
          "content": {
            "color": "green",
            "value": "98.6"
          },
          "voltage": {
            "color": "green",
            "value": 3.50
          }
        },
        {
          "cell": 29,
          "health": {
            "color": "green",
            "value": "100.0"
          },
          "content": {
            "color": "green",
            "value": "98.6"
          },
          "voltage": {
            "color": "green",
            "value": 3.50
          }
        },
        {
          "cell": 30,
          "health": {
            "color": "green",
            "value": "100.0"
          },
          "content": {
            "color": "green",
            "value": "98.6"
          },
          "voltage": {
            "color": "green",
            "value": 3.50
          }
        },
        {
          "cell": 31,
          "health": {
            "color": "green",
            "value": "100.0"
          },
          "content": {
            "color": "green",
            "value": "98.6"
          },
          "voltage": {
            "color": "green",
            "value": 3.50
          }
        },
        {
          "cell": 32,
          "health": {
            "color": "green",
            "value": "100.0"
          },
          "content": {
            "color": "green",
            "value": "98.6"
          },
          "voltage": {
            "color": "green",
            "value": 3.50
          }
        }
      ],
      "temperatures": {
        "cells": [
          {
            "temperature": 1,
            "value": 36.7,
            "color": "red"
          },
          {
            "temperature": 2,
            "value": 28.7,
            "color": "green"
          },
          {
            "temperature": 3,
            "value": 36.7,
            "color": "red"
          },
          {
            "temperature": 4,
            "value": 36.7,
            "color": "red"
          },
          {
            "temperature": 5,
            "value": 36.7,
            "color": "red"
          },
          {
            "temperature": 6,
            "value": 30.1,
            "color": "yellow"
          }
        ],
        "pcbs": [
          {
            "temperature": 1,
            "value": 36.7,
            "color": "red"
          },
          {
            "temperature": 2,
            "value": 28.7,
            "color": "green"
          },
          {
            "temperature": 3,
            "value": 36.7,
            "color": "red"
          }
        ]
      }
    },
    {
      "frame_name": "611800009",
      "lastUpdate": "36 minutes",
      "lastTime": "611800009",
      "code": 200,
      "cells": [
        {
          "cell": 1,
          "health": {
            "color": "green",
            "value": "100.0"
          },
          "content": {
            "color": "green",
            "value": "98.6"
          },
          "voltage": {
            "color": "green",
            "value": 3.50
          }
        },
        {
          "cell": 2,
          "health": {
            "color": "green",
            "value": "100.0"
          },
          "content": {
            "color": "green",
            "value": "98.6"
          },
          "voltage": {
            "color": "green",
            "value": 3.50
          }
        },
        {
          "cell": 3,
          "health": {
            "color": "green",
            "value": "100.0"
          },
          "content": {
            "color": "green",
            "value": "98.6"
          },
          "voltage": {
            "color": "green",
            "value": 3.50
          }
        },
        {
          "cell": 4,
          "health": {
            "color": "green",
            "value": "100.0"
          },
          "content": {
            "color": "green",
            "value": "98.6"
          },
          "voltage": {
            "color": "green",
            "value": 3.50
          }
        },
        {
          "cell": 5,
          "health": {
            "color": "green",
            "value": "100.0"
          },
          "content": {
            "color": "green",
            "value": "98.6"
          },
          "voltage": {
            "color": "green",
            "value": 3.50
          }
        },
        {
          "cell": 6,
          "health": {
            "color": "green",
            "value": "100.0"
          },
          "content": {
            "color": "green",
            "value": "98.6"
          },
          "voltage": {
            "color": "green",
            "value": 3.50
          }
        },
        {
          "cell": 7,
          "health": {
            "color": "green",
            "value": "100.0"
          },
          "content": {
            "color": "green",
            "value": "98.6"
          },
          "voltage": {
            "color": "green",
            "value": 3.50
          }
        },
        {
          "cell": 8,
          "health": {
            "color": "green",
            "value": "100.0"
          },
          "content": {
            "color": "green",
            "value": "98.6"
          },
          "voltage": {
            "color": "green",
            "value": 3.50
          }
        },
        {
          "cell": 9,
          "health": {
            "color": "green",
            "value": "100.0"
          },
          "content": {
            "color": "green",
            "value": "98.6"
          },
          "voltage": {
            "color": "green",
            "value": 3.50
          }
        },
        {
          "cell": 10,
          "health": {
            "color": "green",
            "value": "100.0"
          },
          "content": {
            "color": "green",
            "value": "98.6"
          },
          "voltage": {
            "color": "green",
            "value": 3.50
          }
        },
        {
          "cell": 11,
          "health": {
            "color": "green",
            "value": "100.0"
          },
          "content": {
            "color": "green",
            "value": "98.6"
          },
          "voltage": {
            "color": "green",
            "value": 3.50
          }
        },
        {
          "cell": 12,
          "health": {
            "color": "green",
            "value": "100.0"
          },
          "content": {
            "color": "green",
            "value": "98.6"
          },
          "voltage": {
            "color": "green",
            "value": 3.50
          }
        },
        {
          "cell": 13,
          "health": {
            "color": "green",
            "value": "100.0"
          },
          "content": {
            "color": "green",
            "value": "98.6"
          },
          "voltage": {
            "color": "green",
            "value": 3.50
          }
        },
        {
          "cell": 14,
          "health": {
            "color": "green",
            "value": "100.0"
          },
          "content": {
            "color": "green",
            "value": "98.6"
          },
          "voltage": {
            "color": "green",
            "value": 3.50
          }
        },
        {
          "cell": 15,
          "health": {
            "color": "green",
            "value": "100.0"
          },
          "content": {
            "color": "green",
            "value": "98.6"
          },
          "voltage": {
            "color": "green",
            "value": 3.50
          }
        },
        {
          "cell": 16,
          "health": {
            "color": "green",
            "value": "100.0"
          },
          "content": {
            "color": "green",
            "value": "98.6"
          },
          "voltage": {
            "color": "green",
            "value": 3.50
          }
        },
        {
          "cell": 17,
          "health": {
            "color": "green",
            "value": "100.0"
          },
          "content": {
            "color": "green",
            "value": "98.6"
          },
          "voltage": {
            "color": "green",
            "value": 3.50
          }
        },
        {
          "cell": 18,
          "health": {
            "color": "green",
            "value": "100.0"
          },
          "content": {
            "color": "green",
            "value": "98.6"
          },
          "voltage": {
            "color": "green",
            "value": 3.50
          }
        },
        {
          "cell": 19,
          "health": {
            "color": "green",
            "value": "100.0"
          },
          "content": {
            "color": "green",
            "value": "98.6"
          },
          "voltage": {
            "color": "green",
            "value": 3.50
          }
        },
        {
          "cell": 20,
          "health": {
            "color": "green",
            "value": "100.0"
          },
          "content": {
            "color": "green",
            "value": "98.6"
          },
          "voltage": {
            "color": "green",
            "value": 3.50
          }
        },
        {
          "cell": 21,
          "health": {
            "color": "green",
            "value": "100.0"
          },
          "content": {
            "color": "green",
            "value": "98.6"
          },
          "voltage": {
            "color": "green",
            "value": 3.50
          }
        },
        {
          "cell": 22,
          "health": {
            "color": "green",
            "value": "100.0"
          },
          "content": {
            "color": "green",
            "value": "98.6"
          },
          "voltage": {
            "color": "green",
            "value": 3.50
          }
        },
        {
          "cell": 23,
          "health": {
            "color": "green",
            "value": "100.0"
          },
          "content": {
            "color": "green",
            "value": "98.6"
          },
          "voltage": {
            "color": "green",
            "value": 3.50
          }
        },
        {
          "cell": 24,
          "health": {
            "color": "green",
            "value": "100.0"
          },
          "content": {
            "color": "green",
            "value": "98.6"
          },
          "voltage": {
            "color": "green",
            "value": 3.50
          }
        },
        {
          "cell": 25,
          "health": {
            "color": "green",
            "value": "100.0"
          },
          "content": {
            "color": "green",
            "value": "98.6"
          },
          "voltage": {
            "color": "green",
            "value": 3.50
          }
        },
        {
          "cell": 26,
          "health": {
            "color": "green",
            "value": "100.0"
          },
          "content": {
            "color": "green",
            "value": "98.6"
          },
          "voltage": {
            "color": "green",
            "value": 3.50
          }
        },
        {
          "cell": 27,
          "health": {
            "color": "green",
            "value": "100.0"
          },
          "content": {
            "color": "green",
            "value": "98.6"
          },
          "voltage": {
            "color": "green",
            "value": 3.50
          }
        },
        {
          "cell": 28,
          "health": {
            "color": "green",
            "value": "100.0"
          },
          "content": {
            "color": "green",
            "value": "98.6"
          },
          "voltage": {
            "color": "green",
            "value": 3.50
          }
        },
        {
          "cell": 29,
          "health": {
            "color": "green",
            "value": "100.0"
          },
          "content": {
            "color": "green",
            "value": "98.6"
          },
          "voltage": {
            "color": "green",
            "value": 3.50
          }
        },
        {
          "cell": 30,
          "health": {
            "color": "green",
            "value": "100.0"
          },
          "content": {
            "color": "green",
            "value": "98.6"
          },
          "voltage": {
            "color": "green",
            "value": 3.50
          }
        },
        {
          "cell": 31,
          "health": {
            "color": "green",
            "value": "100.0"
          },
          "content": {
            "color": "green",
            "value": "98.6"
          },
          "voltage": {
            "color": "green",
            "value": 3.50
          }
        },
        {
          "cell": 32,
          "health": {
            "color": "green",
            "value": "100.0"
          },
          "content": {
            "color": "green",
            "value": "98.6"
          },
          "voltage": {
            "color": "green",
            "value": 3.50
          }
        }
      ],
      "temperatures": {
        "cells": [
          {
            "temperature": 1,
            "value": 36.7,
            "color": "red"
          },
          {
            "temperature": 2,
            "value": 28.7,
            "color": "green"
          },
          {
            "temperature": 3,
            "value": 36.7,
            "color": "red"
          },
          {
            "temperature": 4,
            "value": 36.7,
            "color": "red"
          },
          {
            "temperature": 5,
            "value": 36.7,
            "color": "red"
          },
          {
            "temperature": 6,
            "value": 30.1,
            "color": "yellow"
          }
        ],
        "pcbs": [
          {
            "temperature": 1,
            "value": 36.7,
            "color": "red"
          },
          {
            "temperature": 2,
            "value": 28.7,
            "color": "green"
          },
          {
            "temperature": 3,
            "value": 36.7,
            "color": "red"
          }
        ]
      }
    }
  ]
}