[{"family":"MaterialIcons","fonts":[{"asset":"fonts/MaterialIcons-Regular.otf"}]},{"family":"Montserrat","fonts":[{"weight":400,"asset":"assets/fonts/montserrat/Montserrat-Regular.ttf"},{"weight":500,"asset":"assets/fonts/montserrat/Montserrat-Medium.ttf"},{"weight":600,"asset":"assets/fonts/montserrat/Montserrat-SemiBold.ttf"},{"weight":700,"asset":"assets/fonts/montserrat/Montserrat-Bold.ttf"}]},{"family":"packages/cupertino_icons/CupertinoIcons","fonts":[{"asset":"packages/cupertino_icons/assets/CupertinoIcons.ttf"}]},{"family":"packages/iconsax/iconsax","fonts":[{"asset":"packages/iconsax/lib/assets/fonts/iconsax.ttf"}]}]